{
  "name": "SuryaNamaskar- First 3 poses",
  "poses": [
    {
      "lm_0": [
        162.0067596435547,
        51.8100471496582
      ],
      "lm_1": [
        166.42945861816406,
        44.42228698730469
      ],
      "lm_2": [
        169.88951110839844,
        44.321651458740234
      ],
      "lm_3": [
        173.4549102783203,
        44.292755126953125
      ],
      "lm_4": [
        156.7860565185547,
        45.01339340209961
      ],
      "lm_5": [
        153.30712890625,
        45.267574310302734
      ],
      "lm_6": [
        149.9254608154297,
        45.575435638427734
      ],
      "lm_7": [
        177.89125061035156,
        49.96913146972656
      ],
      "lm_8": [
        145.65538024902344,
        51.731876373291016
      ],
      "lm_9": [
        168.4138641357422,
        61.960933685302734
      ],
      "lm_10": [
        155.64283752441406,
        62.88471603393555
      ],
      "lm_11": [
        200.8233642578125,
        105.32827758789062
      ],
      "lm_12": [
        122.75060272216797,
        105.81706237792969
      ],
      "lm_13": [
        220.12998962402344,
        172.1122589111328
      ],
      "lm_14": [
        97.59416198730469,
        170.5817108154297
      ],
      "lm_15": [
        173.13299560546875,
        142.67596435546875
      ],
      "lm_16": [
        148.04998779296875,
        143.10289001464844
      ],
      "lm_17": [
        159.337890625,
        135.38861083984375
      ],
      "lm_18": [
        161.90298461914062,
        135.19862365722656
      ],
      "lm_19": [
        161.75534057617188,
        126.04883575439453
      ],
      "lm_20": [
        161.81756591796875,
        126.52479553222656
      ],
      "lm_21": [
        163.56997680664062,
        130.31410217285156
      ],
      "lm_22": [
        159.0044708251953,
        130.78970336914062
      ],
      "lm_23": [
        181.8826141357422,
        218.9417266845703
      ],
      "lm_24": [
        134.50347900390625,
        218.69773864746094
      ],
      "lm_25": [
        186.2462615966797,
        302.5840148925781
      ],
      "lm_26": [
        129.34463500976562,
        303.40875244140625
      ],
      "lm_27": [
        188.6685333251953,
        373.7066955566406
      ],
      "lm_28": [
        122.91998291015625,
        359.9212341308594
      ],
      "lm_29": [
        188.0161590576172,
        382.53271484375
      ],
      "lm_30": [
        121.88260650634766,
        366.2570495605469
      ],
      "lm_31": [
        186.3394775390625,
        404.158447265625
      ],
      "lm_32": [
        126.85542297363281,
        389.5602111816406
      ]
    },
    {
      "lm_0": [
        283.70660400390625,
        115.4964599609375
      ],
      "lm_1": [
        278.0704345703125,
        118.54133605957031
      ],
      "lm_2": [
        278.64385986328125,
        119.22959899902344
      ],
      "lm_3": [
        279.5261535644531,
        119.82516479492188
      ],
      "lm_4": [
        276.84002685546875,
        119.42493438720703
      ],
      "lm_5": [
        275.846923828125,
        121.15386199951172
      ],
      "lm_6": [
        275.11773681640625,
        122.85468292236328
      ],
      "lm_7": [
        285.1753234863281,
        129.22947692871094
      ],
      "lm_8": [
        280.6448059082031,
        132.33438110351562
      ],
      "lm_9": [
        293.6062316894531,
        118.82260131835938
      ],
      "lm_10": [
        290.9713439941406,
        121.73482513427734
      ],
      "lm_11": [
        312.43939208984375,
        144.23977661132812
      ],
      "lm_12": [
        312.33905029296875,
        144.57325744628906
      ],
      "lm_13": [
        294.3460693359375,
        79.29150390625
      ],
      "lm_14": [
        288.88525390625,
        80.63536071777344
      ],
      "lm_15": [
        260.14093017578125,
        30.83287239074707
      ],
      "lm_16": [
        252.17221069335938,
        23.864221572875977
      ],
      "lm_17": [
        252.1082305908203,
        19.176721572875977
      ],
      "lm_18": [
        238.72222900390625,
        8.994026184082031
      ],
      "lm_19": [
        249.81182861328125,
        20.78690528869629
      ],
      "lm_20": [
        237.40211486816406,
        12.039785385131836
      ],
      "lm_21": [
        251.4259033203125,
        23.857040405273438
      ],
      "lm_22": [
        244.13702392578125,
        18.1893253326416
      ],
      "lm_23": [
        374.238525390625,
        271.0793762207031
      ],
      "lm_24": [
        375.5828857421875,
        274.60821533203125
      ],
      "lm_25": [
        354.76251220703125,
        363.01422119140625
      ],
      "lm_26": [
        350.47503662109375,
        369.66845703125
      ],
      "lm_27": [
        334.9690246582031,
        446.53533935546875
      ],
      "lm_28": [
        323.737060546875,
        463.2263488769531
      ],
      "lm_29": [
        326.1014099121094,
        454.8086853027344
      ],
      "lm_30": [
        311.8114013671875,
        471.3883056640625
      ],
      "lm_31": [
        350.2480773925781,
        486.91796875
      ],
      "lm_32": [
        341.98309326171875,
        510.82110595703125
      ]
    },
    {
      "lm_0": [
        256.89691162109375,
        157.0402069091797
      ],
      "lm_1": [
        257.3776550292969,
        162.7449188232422
      ],
      "lm_2": [
        258.834228515625,
        162.1376495361328
      ],
      "lm_3": [
        260.1368408203125,
        161.38296508789062
      ],
      "lm_4": [
        257.2961120605469,
        164.14309692382812
      ],
      "lm_5": [
        258.85797119140625,
        164.38067626953125
      ],
      "lm_6": [
        260.3526306152344,
        164.65711975097656
      ],
      "lm_7": [
        269.8267822265625,
        156.9409637451172
      ],
      "lm_8": [
        270.390380859375,
        160.94558715820312
      ],
      "lm_9": [
        264.5843505859375,
        149.4791717529297
      ],
      "lm_10": [
        265.1445007324219,
        151.30282592773438
      ],
      "lm_11": [
        287.9520263671875,
        136.34902954101562
      ],
      "lm_12": [
        290.59295654296875,
        134.18177795410156
      ],
      "lm_13": [
        272.83984375,
        184.53416442871094
      ],
      "lm_14": [
        272.24725341796875,
        205.79901123046875
      ],
      "lm_15": [
        275.8294677734375,
        227.1735382080078
      ],
      "lm_16": [
        280.61444091796875,
        247.23965454101562
      ],
      "lm_17": [
        277.2244873046875,
        235.8212890625
      ],
      "lm_18": [
        280.0314025878906,
        260.4714660644531
      ],
      "lm_19": [
        281.015625,
        233.9176025390625
      ],
      "lm_20": [
        280.6422424316406,
        256.5736389160156
      ],
      "lm_21": [
        281.97216796875,
        232.15719604492188
      ],
      "lm_22": [
        281.5615234375,
        250.44515991210938
      ],
      "lm_23": [
        242.87400817871094,
        59.62051010131836
      ],
      "lm_24": [
        237.06320190429688,
        56.287681579589844
      ],
      "lm_25": [
        244.5164337158203,
        134.7548828125
      ],
      "lm_26": [
        229.0371551513672,
        128.06277465820312
      ],
      "lm_27": [
        243.0343475341797,
        220.46054077148438
      ],
      "lm_28": [
        236.44334411621094,
        227.0303192138672
      ],
      "lm_29": [
        237.4546356201172,
        235.93321228027344
      ],
      "lm_30": [
        234.29518127441406,
        243.1273956298828
      ],
      "lm_31": [
        278.101806640625,
        240.94837951660156
      ],
      "lm_32": [
        267.51873779296875,
        251.53916931152344
      ]
    }
  ]
}