{
  "name": "Exercise Name",
  "poses": [
    {
      "lm_0": [
        397.4342956542969,
        71.39279174804688
      ],
      "lm_1": [
        407.7132263183594,
        58.101806640625
      ],
      "lm_2": [
        414.4671325683594,
        58.438934326171875
      ],
      "lm_3": [
        421.5438232421875,
        58.9437255859375
      ],
      "lm_4": [
        387.80218505859375,
        57.208404541015625
      ],
      "lm_5": [
        380.8008117675781,
        56.909271240234375
      ],
      "lm_6": [
        374.0645751953125,
        56.869354248046875
      ],
      "lm_7": [
        430.436767578125,
        69.57904052734375
      ],
      "lm_8": [
        364.3870849609375,
        67.20404052734375
      ],
      "lm_9": [
        408.9718017578125,
        91.8157958984375
      ],
      "lm_10": [
        383.77679443359375,
        91.38983154296875
      ],
      "lm_11": [
        477.57244873046875,
        183.82424926757812
      ],
      "lm_12": [
        314.0806579589844,
        189.1981658935547
      ],
      "lm_13": [
        517.345458984375,
        303.494140625
      ],
      "lm_14": [
        289.0479736328125,
        317.7391052246094
      ],
      "lm_15": [
        584.5465087890625,
        378.0482177734375
      ],
      "lm_16": [
        223.58694458007812,
        376.3792419433594
      ],
      "lm_17": [
        612.0552978515625,
        398.89532470703125
      ],
      "lm_18": [
        199.64280700683594,
        391.10626220703125
      ],
      "lm_19": [
        616.0700073242188,
        394.119873046875
      ],
      "lm_20": [
        190.65625,
        382.207275390625
      ],
      "lm_21": [
        597.238525390625,
        389.6318359375
      ],
      "lm_22": [
        208.11732482910156,
        378.4063720703125
      ],
      "lm_23": [
        445.9619445800781,
        414.56695556640625
      ],
      "lm_24": [
        351.3049011230469,
        417.3020324707031
      ],
      "lm_25": [
        613.3325805664062,
        422.4065856933594
      ],
      "lm_26": [
        206.6072235107422,
        415.7155456542969
      ],
      "lm_27": [
        396.5375061035156,
        452.063232421875
      ],
      "lm_28": [
        402.1231689453125,
        445.89306640625
      ],
      "lm_29": [
        378.267822265625,
        432.15594482421875
      ],
      "lm_30": [
        417.6750183105469,
        426.3444519042969
      ],
      "lm_31": [
        321.95428466796875,
        449.32598876953125
      ],
      "lm_32": [
        490.2957458496094,
        455.64337158203125
      ]
    }
  ]
}