{
  "name": "Surya Namaskar",
  "poses": [
    {
      "lm_0": [
        135.5904541015625,
        87.52561950683594
      ],
      "lm_1": [
        132.23873901367188,
        83.05215454101562
      ],
      "lm_2": [
        131.61875915527344,
        82.936767578125
      ],
      "lm_3": [
        131.0750274658203,
        82.87157440185547
      ],
      "lm_4": [
        131.90158081054688,
        82.96954345703125
      ],
      "lm_5": [
        130.7635040283203,
        82.73961639404297
      ],
      "lm_6": [
        129.71194458007812,
        82.5540542602539
      ],
      "lm_7": [
        124.77478790283203,
        84.19369506835938
      ],
      "lm_8": [
        122.8386459350586,
        84.36366271972656
      ],
      "lm_9": [
        132.9724578857422,
        92.45767974853516
      ],
      "lm_10": [
        132.13592529296875,
        92.56368255615234
      ],
      "lm_11": [
        120.77655792236328,
        113.09942626953125
      ],
      "lm_12": [
        112.83756256103516,
        109.15512084960938
      ],
      "lm_13": [
        137.03529357910156,
        145.04067993164062
      ],
      "lm_14": [
        137.79884338378906,
        138.06845092773438
      ],
      "lm_15": [
        140.8821563720703,
        128.5091094970703
      ],
      "lm_16": [
        141.7106170654297,
        121.27806091308594
      ],
      "lm_17": [
        142.25704956054688,
        125.01420593261719
      ],
      "lm_18": [
        143.5286407470703,
        117.47383880615234
      ],
      "lm_19": [
        139.53775024414062,
        120.4406967163086
      ],
      "lm_20": [
        139.18179321289062,
        116.01686096191406
      ],
      "lm_21": [
        137.51515197753906,
        121.82018280029297
      ],
      "lm_22": [
        137.41510009765625,
        117.59085083007812
      ],
      "lm_23": [
        121.79615783691406,
        183.1218719482422
      ],
      "lm_24": [
        113.73970031738281,
        182.3948211669922
      ],
      "lm_25": [
        125.04322814941406,
        238.58876037597656
      ],
      "lm_26": [
        113.96556091308594,
        239.2993927001953
      ],
      "lm_27": [
        120.07342529296875,
        292.82513427734375
      ],
      "lm_28": [
        108.73992919921875,
        293.23956298828125
      ],
      "lm_29": [
        112.87245178222656,
        302.572021484375
      ],
      "lm_30": [
        102.84590148925781,
        302.1559143066406
      ],
      "lm_31": [
        144.43992614746094,
        304.65191650390625
      ],
      "lm_32": [
        129.4812469482422,
        307.75537109375
      ]
    },
    {
      "lm_0": [
        263.1834716796875,
        98.81045532226562
      ],
      "lm_1": [
        260.6599426269531,
        100.17577362060547
      ],
      "lm_2": [
        260.8853759765625,
        100.46444702148438
      ],
      "lm_3": [
        261.2295837402344,
        100.7272720336914
      ],
      "lm_4": [
        260.65576171875,
        100.25989532470703
      ],
      "lm_5": [
        260.5918884277344,
        100.80841827392578
      ],
      "lm_6": [
        260.5994873046875,
        101.34504699707031
      ],
      "lm_7": [
        264.84393310546875,
        104.25126647949219
      ],
      "lm_8": [
        264.4598083496094,
        104.40631103515625
      ],
      "lm_9": [
        268.31439208984375,
        99.9439926147461
      ],
      "lm_10": [
        267.8943786621094,
        100.83515930175781
      ],
      "lm_11": [
        277.8243103027344,
        110.16340637207031
      ],
      "lm_12": [
        279.79730224609375,
        108.77276611328125
      ],
      "lm_13": [
        271.41796875,
        75.37115478515625
      ],
      "lm_14": [
        271.3717956542969,
        73.67446899414062
      ],
      "lm_15": [
        259.883544921875,
        51.17460250854492
      ],
      "lm_16": [
        257.4319763183594,
        40.30813217163086
      ],
      "lm_17": [
        257.3035583496094,
        45.15867233276367
      ],
      "lm_18": [
        255.04937744140625,
        30.40872573852539
      ],
      "lm_19": [
        255.5489501953125,
        45.13340759277344
      ],
      "lm_20": [
        252.55543518066406,
        31.50904655456543
      ],
      "lm_21": [
        256.3432922363281,
        46.186466217041016
      ],
      "lm_22": [
        253.49916076660156,
        35.47569274902344
      ],
      "lm_23": [
        299.8941650390625,
        169.93780517578125
      ],
      "lm_24": [
        302.1153564453125,
        173.81288146972656
      ],
      "lm_25": [
        295.5283508300781,
        230.32833862304688
      ],
      "lm_26": [
        300.21636962890625,
        234.38804626464844
      ],
      "lm_27": [
        283.4961853027344,
        281.204345703125
      ],
      "lm_28": [
        288.09368896484375,
        286.2755126953125
      ],
      "lm_29": [
        277.5389709472656,
        289.01220703125
      ],
      "lm_30": [
        279.923095703125,
        295.35296630859375
      ],
      "lm_31": [
        298.7574157714844,
        291.34600830078125
      ],
      "lm_32": [
        303.53839111328125,
        294.6261291503906
      ]
    },
    {
      "lm_0": [
        192.4420623779297,
        185.62295532226562
      ],
      "lm_1": [
        192.4897918701172,
        180.0692138671875
      ],
      "lm_2": [
        191.69207763671875,
        179.30665588378906
      ],
      "lm_3": [
        190.81256103515625,
        178.51669311523438
      ],
      "lm_4": [
        192.79541015625,
        180.42523193359375
      ],
      "lm_5": [
        192.31605529785156,
        179.9687957763672
      ],
      "lm_6": [
        191.7506866455078,
        179.6154022216797
      ],
      "lm_7": [
        182.361572265625,
        175.02618408203125
      ],
      "lm_8": [
        183.9564666748047,
        176.46583557128906
      ],
      "lm_9": [
        185.95220947265625,
        186.69593811035156
      ],
      "lm_10": [
        186.35293579101562,
        187.25189208984375
      ],
      "lm_11": [
        155.554931640625,
        179.38201904296875
      ],
      "lm_12": [
        156.35523986816406,
        191.19969177246094
      ],
      "lm_13": [
        152.5879669189453,
        223.70281982421875
      ],
      "lm_14": [
        151.6263885498047,
        230.1657257080078
      ],
      "lm_15": [
        151.57908630371094,
        262.9613342285156
      ],
      "lm_16": [
        150.2749481201172,
        271.82159423828125
      ],
      "lm_17": [
        151.36949157714844,
        269.94091796875
      ],
      "lm_18": [
        150.95751953125,
        280.172607421875
      ],
      "lm_19": [
        151.24818420410156,
        271.1401062011719
      ],
      "lm_20": [
        154.36727905273438,
        281.262451171875
      ],
      "lm_21": [
        150.39857482910156,
        269.4306640625
      ],
      "lm_22": [
        152.8763885498047,
        279.0671081542969
      ],
      "lm_23": [
        92.8531723022461,
        163.5692596435547
      ],
      "lm_24": [
        87.87995147705078,
        167.67311096191406
      ],
      "lm_25": [
        113.88887023925781,
        219.6438446044922
      ],
      "lm_26": [
        111.52133178710938,
        223.76425170898438
      ],
      "lm_27": [
        120.28936004638672,
        269.0652770996094
      ],
      "lm_28": [
        117.11432647705078,
        272.1994934082031
      ],
      "lm_29": [
        116.31131744384766,
        278.89593505859375
      ],
      "lm_30": [
        113.48365020751953,
        281.6025390625
      ],
      "lm_31": [
        141.2202911376953,
        279.4750671386719
      ],